{
  "project_info": {
    "project_number": "949626939387",
    "project_id": "inf303-1f801",
    "storage_bucket": "inf303-1f801.appspot.com"
  },
  "client": [
    {
      "client_info": {
        "mobilesdk_app_id": "1:949626939387:android:225dbf1d8a83bab0af4d5e",
        "android_client_info": {
          "package_name": "com.parkinapp.firstapplication"
        }
      },
      "oauth_client": [
        {
          "client_id": "949626939387-comntjjkgo2eeobnr7eu8v51dlfr9o1t.apps.googleusercontent.com",
          "client_type": 3
        }
      ],
      "api_key": [
        {
          "current_key": "AIzaSyBfJYAMDikqIc4BBUs4dEOkve_9NyBWNGo"
        }
      ],
      "services": {
        "appinvite_service": {
          "other_platform_oauth_client": [
            {
              "client_id": "949626939387-comntjjkgo2eeobnr7eu8v51dlfr9o1t.apps.googleusercontent.com",
              "client_type": 3
            }
          ]
        }
      }
    },
    {
      "client_info": {
        "mobilesdk_app_id": "1:949626939387:android:3bcad010da7cc62daf4d5e",
        "android_client_info": {
          "package_name": "com.parkinapp.parkinapp"
        }
      },
      "oauth_client": [
        {
          "client_id": "949626939387-comntjjkgo2eeobnr7eu8v51dlfr9o1t.apps.googleusercontent.com",
          "client_type": 3
        }
      ],
      "api_key": [
        {
          "current_key": "AIzaSyBfJYAMDikqIc4BBUs4dEOkve_9NyBWNGo"
        }
      ],
      "services": {
        "appinvite_service": {
          "other_platform_oauth_client": [
            {
              "client_id": "949626939387-comntjjkgo2eeobnr7eu8v51dlfr9o1t.apps.googleusercontent.com",
              "client_type": 3
            }
          ]
        }
      }
    }
  ],
  "configuration_version": "1"
}